Date,Name,Year,Letterboxd URI,Rating,Rewatch,Review,Tags,Watched Date
2019-10-13,David Gilmour - Live At Pompeii (Bonus Wroclaw 2016),2017,https://boxd.it/PZcnx,,,https://www.youtube.com/playlist?list=PLsDZ7QcsbDR8Wx2-l1oDvJA-77ioQ6mDZ,youtube,2019-10-12
2020-06-04,Martin Scorsese's Quarantine Short Film,2020,https://boxd.it/1bhzdF,,,https://www.youtube.com/watch?v=JKtE9uMOlwo,youtube,2020-06-03
2020-11-02,Paris Je T'aime,2006,https://boxd.it/1rj7zr,,,https://vimeo.com/5988391,vimeo,2020-11-02
2021-03-16,The Spider's Web: Britain's Second Empire,2017,https://boxd.it/1J1yIV,,,https://www.youtube.com/watch?v=np_ylvc8Zj8,youtube,2021-03-15
2021-04-07,Acres and Acres,2019,https://boxd.it/1MdHT5,,,This is actually https://letterboxd.com/film/mums-list/,,2021-04-06
2021-04-12,Eric Hobsbawm: The Consolations of History,2021,https://boxd.it/1MRSpb,,,https://www.youtube.com/watch?v=wVQ4dfC34TI,youtube,2021-04-11
2021-06-06,Leading Lady Parts,2018,https://boxd.it/1UvV5r,,,https://www.youtube.com/watch?v=fpDHNbjGivo,youtube,2021-06-06
2021-06-08,In the Time It Takes to Get There,2019,https://boxd.it/1UKERX,,,https://www.youtube.com/watch?v=QWIblC4rEL0,youtube,2021-06-07
2021-06-26,Looking for Athènes,2013,https://boxd.it/1WYENn,,,https://www.youtube.com/watch?v=SIpu02YJH9g,youtube,2021-06-25
2023-06-04,The Steamroller and the Violin,1961,https://boxd.it/4kgUjH,,,https://www.youtube.com/watch?v=_7jiwaPYslA,youtube,2023-06-03
2026-01-05,Hackers: Wizards of the Electronic Age,1984,https://boxd.it/csFAmH,,Yes,https://www.youtube.com/watch?v=zOP1LNr70aU,youtube,2026-01-05
