Date,Name,Year,Letterboxd URI
2013-05-19,Boy Eating the Bird's Food,2012,https://boxd.it/4bwa
2013-05-21,Stella Days,2012,https://boxd.it/3l3A
2013-05-28,El Topo,1970,https://boxd.it/1QYS
2013-05-28,The Linguini Incident,1991,https://boxd.it/Lba
2013-07-02,Silver Tongues,2011,https://boxd.it/9A2
2013-07-02,Browncoats Unite: Firefly 10th Anniversary Special,2012,https://boxd.it/4zkW
2013-07-03,All Good Things,2010,https://boxd.it/N1Q
2013-07-06,Franklyn,2008,https://boxd.it/1ZFK
2013-12-06,The Last Kiss,2001,https://boxd.it/1S6e
2014-03-15,The Hours,2002,https://boxd.it/2a3s
2014-03-22,The Rules of Attraction,2002,https://boxd.it/286Y
2014-04-06,The Crucible,1996,https://boxd.it/1Dji
2014-04-07,Long Live Freedom,2013,https://boxd.it/5bqe
2014-04-22,Surreal Estate,1976,https://boxd.it/3r1K
2014-04-27,Bus 174,2002,https://boxd.it/209q
2014-05-03,The High Cost of Living,2010,https://boxd.it/2vIQ
2014-05-08,Wild Side,1995,https://boxd.it/1tp6
2014-05-08,Around the Bend,2004,https://boxd.it/1M6s
2014-05-08,Nine Lives,2005,https://boxd.it/1L04
2014-05-27,Happy Accidents,2000,https://boxd.it/1ASu
2014-06-10,Lilo & Stitch,2002,https://boxd.it/1TAY
2014-06-10,Metroland,1997,https://boxd.it/1kdq
2014-06-15,Longford,2006,https://boxd.it/1aNI
2014-06-15,The Deathmaker,1995,https://boxd.it/28I4
2014-06-22,An American Crime,2007,https://boxd.it/1R26
2014-06-22,The Lovers on the Bridge,1991,https://boxd.it/26li
2014-06-22,The Cube,1969,https://boxd.it/18qW
2014-06-23,War and Peace,1956,https://boxd.it/1TbO
2014-09-08,I Origins,2014,https://boxd.it/7aRM
2014-09-26,Restless,2011,https://boxd.it/JVK
2014-09-27,The Hunter,2011,https://boxd.it/2sdA
2014-10-02,The Real Blonde,1997,https://boxd.it/1mBk
2014-11-30,Hoop Dreams,1994,https://boxd.it/1Opc
2014-12-29,Elena,2011,https://boxd.it/2I9u
2014-12-31,Wrestling Ernest Hemingway,1993,https://boxd.it/11Cw
2015-01-09,Fury,2014,https://boxd.it/6JwC
2015-01-09,Neighboring Sounds,2012,https://boxd.it/3nzS
2015-01-09,The Wind Rises,2013,https://boxd.it/4JQS
2015-01-17,An Eye for Beauty,2014,https://boxd.it/8bvO
2015-01-19,The Plague Dogs,1982,https://boxd.it/1m38
2015-01-20,The Beaver,2011,https://boxd.it/CSa
2015-02-15,The Imitation Game,1980,https://boxd.it/ayGY
2015-02-15,Snow Angels,2007,https://boxd.it/1OR6
2015-03-03,Whiplash,2013,https://boxd.it/cJds
2015-03-17,The Lookout,2007,https://boxd.it/20ru
2015-05-27,Black Snake Moan,2006,https://boxd.it/20KQ
2015-06-04,A Separation,2011,https://boxd.it/gvo
2015-06-04,The Past,2013,https://boxd.it/4Ovg
2015-06-29,Bob Roberts,1992,https://boxd.it/1VQ0
2015-07-07,"The Death of ""Superman Lives"": What Happened?",2015,https://boxd.it/8wQ4
2015-07-12,A Royal Affair,2012,https://boxd.it/37Kq
2015-07-24,Iris,2014,https://boxd.it/9mmK
2015-07-24,Iris,2001,https://boxd.it/1SQG
2015-07-24,Magic Mike,2012,https://boxd.it/2HvY
2015-07-24,Magic Mike XXL,2015,https://boxd.it/7TTS
2015-07-24,Dior and I,2014,https://boxd.it/7M6O
2015-07-31,Still the Water,2014,https://boxd.it/7Ud4
2015-07-31,The Turin Horse,2011,https://boxd.it/2Qsk
2015-07-31,A Room for Romeo Brass,1999,https://boxd.it/1zTG
2015-07-31,Tender Mercies,1983,https://boxd.it/XGO
2015-08-15,Bunraku,2010,https://boxd.it/1kXI
2015-09-25,The Forecaster,2014,https://boxd.it/aXKc
2015-10-22,A Walk in the Woods,2015,https://boxd.it/6Qca
2015-10-22,Hockney,2014,https://boxd.it/9hio
2015-10-22,Week-ends,2014,https://boxd.it/7Bf6
2015-10-28,The Boy,2015,https://boxd.it/7BoW
2015-11-21,Grudge Match,2013,https://boxd.it/9w
2015-11-21,Slow West,2015,https://boxd.it/6CwK
2015-11-27,Before I Disappear,2014,https://boxd.it/7qG6
2015-12-29,I Am Love,2009,https://boxd.it/10ac
2016-01-04,Babylon,2014,https://boxd.it/wjFA
2016-01-23,Room,2015,https://boxd.it/7T0y
2016-01-23,'71,2014,https://boxd.it/7nWK
2016-01-23,Heneral Luna,2015,https://boxd.it/caEo
2016-01-23,Boy & the World,2013,https://boxd.it/6CM4
2016-01-23,Embrace of the Serpent,2015,https://boxd.it/baba
2016-01-23,Corn Island,2014,https://boxd.it/8IdS
2016-01-23,Marvellous,2014,https://boxd.it/9kIE
2016-01-23,James White,2015,https://boxd.it/a3I0
2016-04-19,Emperor of Hemp,1999,https://boxd.it/C5i
2016-05-30,Dying to Know: Ram Dass & Timothy Leary,2016,https://boxd.it/a5Vg
2016-06-04,Winter Sleep,2014,https://boxd.it/7Ua0
2016-06-04,Once Upon a Time in Anatolia,2011,https://boxd.it/2yHG
2016-06-07,Wake in Fright,1971,https://boxd.it/1tWk
2016-06-07,Buy It Now,2005,https://boxd.it/6cRW
2016-06-07,Simon Killer,2012,https://boxd.it/2Y2O
2016-06-07,Afterschool,2008,https://boxd.it/1ZzC
2016-06-28,Character,1997,https://boxd.it/1J8q
2016-07-02,Happy Christmas,2014,https://boxd.it/7bjm
2016-07-02,Female Pervert,2015,https://boxd.it/an1A
2016-07-02,Moral Sleaze,2013,https://boxd.it/6YkG
2016-07-14,Dallas Buyers Club,2013,https://boxd.it/4O8G
2016-07-14,Son of Saul,2015,https://boxd.it/b6r4
2016-07-15,Who Am I,2014,https://boxd.it/8ND2
2016-07-19,Hardcore Henry,2015,https://boxd.it/aAIM
2016-07-19,The Fundamentals of Caring,2016,https://boxd.it/aiai
2016-07-27,Mouth to Mouth,2005,https://boxd.it/20GO
2016-07-31,As You Are,2016,https://boxd.it/cSSk
2016-09-01,Fat Girl,2001,https://boxd.it/2a6w
2016-09-11,Hell or High Water,2016,https://boxd.it/bfGM
2016-09-12,Lucas,1986,https://boxd.it/1Qni
2016-10-17,Thanks for Sharing,2012,https://boxd.it/3LlA
2016-10-17,Love & Mercy,2014,https://boxd.it/8bd6
2016-10-17,Clueless,1995,https://boxd.it/1Ygk
2016-10-25,Stephanie Daley,2006,https://boxd.it/1DJ6
2016-10-28,Breach,2007,https://boxd.it/24JW
2016-11-07,The Guard,2011,https://boxd.it/2eBS
2016-11-20,Fish Tank,2009,https://boxd.it/1xBg
2016-11-27,My Family and Other Animals,2005,https://boxd.it/RbU
2016-12-25,Like Crazy,2011,https://boxd.it/g4s
2016-12-28,The Night Manager,2016,https://boxd.it/dsfS
2017-01-03,Everybody's Fine,2009,https://boxd.it/1uqk
2017-03-06,The Assignment,2016,https://boxd.it/dZrM
2017-03-31,Whatever Works,2009,https://boxd.it/1FoE
2017-04-07,Byzantium,2012,https://boxd.it/3v8q
2017-04-07,Ondine,2009,https://boxd.it/15Xo
2017-04-07,The Brave One,2007,https://boxd.it/24nG
2017-04-11,The Sense of an Ending,2017,https://boxd.it/bX6y
2017-04-11,Dancer,2016,https://boxd.it/euwe
2017-04-11,Neruda,2016,https://boxd.it/bOAO
2017-04-11,The Lost City of Z,2016,https://boxd.it/a7jS
2017-04-11,The Olive Tree,2016,https://boxd.it/cH9y
2017-04-11,Life,2017,https://boxd.it/dRqG
2017-04-11,Elle,2016,https://boxd.it/bdhq
2017-04-11,Trespass Against Us,2016,https://boxd.it/7zis
2017-05-01,Light Thereafter,2017,https://boxd.it/dZsK
2017-05-16,The Look of Love,2013,https://boxd.it/4YeY
2017-05-27,Rabbits,2002,https://boxd.it/SaI
2017-05-30,Atlas,2013,https://boxd.it/7kD6
2017-07-09,Antonio Gaudí,1984,https://boxd.it/18J0
2017-07-18,Nick Cave & The Bad Seeds: One More Time with Feeling,2016,https://boxd.it/edaK
2017-07-30,Cop Car,2015,https://boxd.it/9X0G
2017-08-01,Wheel of Time,2003,https://boxd.it/BGs
2017-08-03,10 Cloverfield Lane,2016,https://boxd.it/aZiu
2017-08-20,Bent,1997,https://boxd.it/1EQC
2017-08-20,The Space in Between,2017,https://boxd.it/gnmg
2017-08-20,Author: The JT LeRoy Story,2016,https://boxd.it/cXAq
2017-08-20,Steve,2010,https://boxd.it/ajr0
2017-08-25,Riot On!,2004,https://boxd.it/2lyQ
2017-09-13,We Are the Best!,2013,https://boxd.it/5Mek
2017-09-13,Morel's Invention,1974,https://boxd.it/gJq
2017-09-14,Girlhood,2014,https://boxd.it/7WyI
2017-09-25,A Ghost Story,2017,https://boxd.it/fb0K
2017-09-25,Gayby,2012,https://boxd.it/goy8
2017-09-25,Loving,2016,https://boxd.it/bhHC
2017-09-25,Shotgun Stories,2007,https://boxd.it/1SbS
2017-09-26,The Dresser,2015,https://boxd.it/cD7e
2017-09-26,Tulip Fever,2017,https://boxd.it/7CdK
2017-09-26,Western,2017,https://boxd.it/g7cE
2017-10-02,Walk the Line,2005,https://boxd.it/2bdS
2017-10-02,Crisis in Six Scenes,2016,https://boxd.it/eN4S
2017-10-03,A Perfect Day,2015,https://boxd.it/ard6
2017-10-03,Hannah,2017,https://boxd.it/gLYI
2017-10-15,Sebastian,1968,https://boxd.it/1Rde
2017-11-04,Benny & Joon,1993,https://boxd.it/24O8
2017-11-04,When You're Strange,2009,https://boxd.it/17OI
2017-11-26,Ambassadors,2013,https://boxd.it/9mdS
2018-01-21,The Lure,2015,https://boxd.it/d3mE
2018-01-29,The Breadwinner,2017,https://boxd.it/frLs
2018-02-13,Being Charlie,2015,https://boxd.it/cajg
2018-02-21,Down House,2001,https://boxd.it/5DG
2018-02-25,Stuck in Love,2012,https://boxd.it/3L08
2018-02-26,The BFG,2016,https://boxd.it/81cs
2018-02-27,D.E.B.S.,2004,https://boxd.it/2aaS
2018-03-17,First Girl I Loved,2016,https://boxd.it/bRy2
2018-03-18,Secret Honor,1984,https://boxd.it/EAs
2018-03-19,Heavy,1995,https://boxd.it/1AhS
2018-03-19,Queen of Earth,2015,https://boxd.it/9y6Y
2018-03-26,Rails & Ties,2007,https://boxd.it/1N1e
2018-04-02,War,2014,https://boxd.it/9kFg
2018-04-08,My Neighbors the Yamadas,1999,https://boxd.it/1KC2
2018-04-13,Distant Sky,2018,https://boxd.it/iE8u
2018-04-24,The Death & Life of John F. Donovan,2018,https://boxd.it/99Iy
2018-04-30,A Quiet Place,2018,https://boxd.it/fVJQ
2018-05-20,That Good Night,2017,https://boxd.it/gsPM
2018-05-20,Ghost Stories,2017,https://boxd.it/fdA6
2018-05-20,7 Days in Entebbe,2018,https://boxd.it/fnQS
2018-05-20,Beast,2017,https://boxd.it/gSOK
2018-05-31,Solo: A Star Wars Story,2018,https://boxd.it/bGWs
2018-05-31,The Joneses,2009,https://boxd.it/Zhc
2018-05-31,Things We Lost in the Fire,2007,https://boxd.it/24YW
2018-05-31,Serena,2014,https://boxd.it/56Lw
2018-05-31,After the Wedding,2006,https://boxd.it/25eg
2018-05-31,Fur: An Imaginary Portrait of Diane Arbus,2006,https://boxd.it/1GC8
2018-05-31,Rupture,2016,https://boxd.it/bAJi
2018-06-10,Ocean's Eight,2018,https://boxd.it/eaai
2018-06-10,Jim & Andy: The Great Beyond,2017,https://boxd.it/gO36
2018-06-12,Sweet Smell of Success,1957,https://boxd.it/29aW
2018-06-13,Person to Person,2017,https://boxd.it/dtQA
2018-06-14,Heartbeats,2010,https://boxd.it/BPu
2018-06-14,Godard Mon Amour,2017,https://boxd.it/eGLK
2018-06-14,The Beautiful Person,2008,https://boxd.it/152W
2018-06-14,Regular Lovers,2005,https://boxd.it/QhM
2018-06-14,In the Shadow of Women,2015,https://boxd.it/abCk
2018-06-22,The Homesman,2014,https://boxd.it/7SXO
2018-06-27,Redacted,2007,https://boxd.it/1Tsg
2018-06-28,Follow the Roses,2018,https://boxd.it/hQrm
2018-06-30,Hedwig and the Angry Inch,2001,https://boxd.it/1Qfe
2018-06-30,Ginger & Rosa,2012,https://boxd.it/41Ig
2018-06-30,Jack & Diane,2012,https://boxd.it/3zVm
2018-07-03,I Smile Back,2015,https://boxd.it/9RAS
2018-07-03,Les Misérables,2012,https://boxd.it/2TT4
2018-07-03,Black Mirror: Nosedive,2016,https://boxd.it/hK9G
2018-07-03,Pan,2015,https://boxd.it/7XYi
2018-07-03,First They Killed My Father,2017,https://boxd.it/fmCK
2018-07-18,Alphabet,2013,https://boxd.it/6Xqy
2018-07-21,Locke,2013,https://boxd.it/6hHC
2018-07-21,Warrior,2011,https://boxd.it/i3G
2018-07-21,It Comes at Night,2017,https://boxd.it/eLuk
2018-08-07,All That I Love,2009,https://boxd.it/12RW
2018-08-30,Garry Winogrand: All Things Are Photographable,2018,https://boxd.it/i82a
2018-08-31,Absence of Malice,1981,https://boxd.it/1F74
2018-09-05,Suspiria,2018,https://boxd.it/cioI
2018-09-06,Deep End,1970,https://boxd.it/i8m
2018-09-06,Essential Killing,2010,https://boxd.it/IWs
2018-09-06,Phantom of the Paradise,1974,https://boxd.it/1s34
2018-09-28,Holly,2006,https://boxd.it/TYa
2018-09-29,Kitchen Stories,2003,https://boxd.it/1UGo
2018-09-30,Our Souls at Night,2017,https://boxd.it/fmDo
2018-10-02,Eighth Grade,2018,https://boxd.it/hDMG
2018-10-08,Celeste & Jesse Forever,2012,https://boxd.it/2XOi
2018-10-28,Executive Decision,1996,https://boxd.it/26We
2018-10-28,My Best Friend,2001,https://boxd.it/5kuu
2018-11-05,Touch Me Not,2018,https://boxd.it/i18U
2018-11-25,Starred Up,2013,https://boxd.it/6fRq
2018-11-25,Beyond the Black Rainbow,2010,https://boxd.it/EzY
2018-11-26,Destroyer,2018,https://boxd.it/gU4u
2018-12-03,Cam,2018,https://boxd.it/iWvG
2018-12-17,The Ballad of Buster Scruggs,2018,https://boxd.it/jB2q
2018-12-18,The Kaiser's Lackey,1951,https://boxd.it/19uq
2018-12-18,The Last Battle,1983,https://boxd.it/1Fwo
2018-12-20,The Year of Spectacular Men,2017,https://boxd.it/fnr4
2019-01-08,The Linguists,2008,https://boxd.it/2qAM
2019-01-14,The Captain,2017,https://boxd.it/h2os
2019-02-24,Seventeen Moments of Spring,1973,https://boxd.it/15ZY
2019-02-24,Utz,1992,https://boxd.it/274s
2019-03-25,Maniac,2018,https://boxd.it/jX9y
2019-04-01,Love After Love,2017,https://boxd.it/f5nS
2019-04-17,Born Rich,2003,https://boxd.it/sM2
2019-04-17,The One Percent,2006,https://boxd.it/M4k
2019-05-12,BBStory: An American Film Renaissance,2010,https://boxd.it/dDvW
2019-05-27,"Khrustalyov, My Car!",1998,https://boxd.it/3rPg
2019-05-30,The Broken Circle Breakdown,2012,https://boxd.it/4pHm
2019-05-30,Remembrance of Things to Come,2001,https://boxd.it/1jkg
2019-07-29,Jojo Rabbit,2019,https://boxd.it/iEBG
2019-08-04,The Happy Prince,2018,https://boxd.it/f8co
2019-08-04,The Love Witch,2016,https://boxd.it/cZie
2019-08-10,In No Great Hurry: 13 Lessons in Life with Saul Leiter,2014,https://boxd.it/67Oy
2019-08-10,It Happened in L.A.,2017,https://boxd.it/flkq
2019-08-16,23,1998,https://boxd.it/28C6
2019-09-05,Heart of Glass,1976,https://boxd.it/1rWi
2019-09-21,Don't Blink - Robert Frank,2015,https://boxd.it/c3Yc
2019-09-23,The Last Photograph,2017,https://boxd.it/ewow
2019-09-23,Lost Horizon,1937,https://boxd.it/257Y
2019-09-24,The White Crow,2018,https://boxd.it/haj6
2019-09-25,The Trial,2018,https://boxd.it/jD6a
2019-09-27,An Elephant Sitting Still,2018,https://boxd.it/i1EQ
2019-11-02,Klute,1971,https://boxd.it/2ako
2019-11-03,The Good Liar,2019,https://boxd.it/iuXC
2019-11-05,Fists in the Pocket,1965,https://boxd.it/MPA
2019-11-05,Submarino,2010,https://boxd.it/Mk8
2019-11-05,The Commune,2016,https://boxd.it/9SFa
2019-11-23,Burnt by the Sun,1994,https://boxd.it/CPq
2019-11-26,Nothing Like a Dame,2018,https://boxd.it/iB5M
2019-11-28,Camille Claudel 1915,2013,https://boxd.it/3IoQ
2019-11-28,Jeannette: The Childhood of Joan of Arc,2017,https://boxd.it/dZ4I
2019-11-28,Joan of Arc,2019,https://boxd.it/jGfE
2019-11-28,CoinCoin and the Extra-Humans,2018,https://boxd.it/x4tG
2019-11-28,Slack Bay,2016,https://boxd.it/cTOI
2019-12-03,Ecstasy of Order: The Tetris Masters,2011,https://boxd.it/3dMi
2020-01-19,Black Tide,2018,https://boxd.it/fSW8
2020-01-19,Cats,2019,https://boxd.it/jydK
2020-01-19,Dragonfly Eyes,2017,https://boxd.it/gJEc
2020-01-19,The Devils,1971,https://boxd.it/1inI
2020-01-19,The Great Hack,2019,https://boxd.it/kL8g
2020-01-19,Paradise: Faith,2012,https://boxd.it/4erW
2020-01-19,Paradise: Hope,2013,https://boxd.it/4Lgi
2020-01-25,An Officer and a Spy,2019,https://boxd.it/dZbE
2020-02-27,The Woodsman,2004,https://boxd.it/1Y2s
2020-03-01,Fosse/Verdon,2019,https://boxd.it/mfSg
2020-03-08,The Wind Will Carry Us,1999,https://boxd.it/Uwc
2020-03-08,Where Is the Friend's House?,1987,https://boxd.it/ELg
2020-03-08,Like Someone in Love,2012,https://boxd.it/3tOu
2020-03-08,Close-Up,1990,https://boxd.it/1m9q
2020-03-08,Taste of Cherry,1997,https://boxd.it/1m8W
2020-03-08,Through the Olive Trees,1994,https://boxd.it/Lx6
2020-04-05,The Translators,2019,https://boxd.it/h8gk
2020-04-11,Tiger King,2020,https://boxd.it/pzj2
2020-04-25,Along for the Ride,2016,https://boxd.it/fVy4
2020-04-25,Up to You,2018,https://boxd.it/lPNu
2020-05-16,The White Ribbon,2009,https://boxd.it/17eU
2020-06-05,Repo Men,2010,https://boxd.it/1icK
2020-06-05,Get Out,2017,https://boxd.it/eOCm
2020-06-05,Mother,2009,https://boxd.it/1m9g
2020-06-07,My Best Fiend,1999,https://boxd.it/1ZXY
2020-06-08,Laurence Anyways,2012,https://boxd.it/3HQu
2020-06-08,Tom at the Farm,2013,https://boxd.it/5B5m
2020-06-10,Song of the South,1946,https://boxd.it/1PhI
2020-06-29,Widows,2018,https://boxd.it/e6gc
2020-07-04,When We Rise,2017,https://boxd.it/qPNY
2020-07-04,Jude,1996,https://boxd.it/1wjq
2020-07-10,Olympia,2018,https://boxd.it/kMdc
2020-07-24,Stay,2005,https://boxd.it/20BE
2020-07-24,Vice,2018,https://boxd.it/fcFY
2020-08-07,Three Men in a Boat,1975,https://boxd.it/2Iou
2020-08-09,The Plot Against America,2020,https://boxd.it/ppHS
2020-08-17,Years and Years,2019,https://boxd.it/meLI
2020-08-23,The Long Good Friday,1980,https://boxd.it/1NlS
2020-08-25,The Adjuster,1991,https://boxd.it/Yvs
2020-08-25,Remember,2015,https://boxd.it/9DfG
2020-08-30,An Ecology of Mind,2010,https://boxd.it/2sI4
2020-08-30,Sharp Objects,2018,https://boxd.it/j3NM
2020-08-30,Pictures of Baby Jane Doe,1999,https://boxd.it/9ry2
2020-10-02,3 Women,1977,https://boxd.it/YPs
2020-10-12,The Door,2012,https://boxd.it/3aSC
2020-10-12,Pavarotti,2019,https://boxd.it/kyrE
2020-10-13,The Plan,2018,https://boxd.it/mU76
2020-10-19,Greece: The Hidden War,1986,https://boxd.it/reBy
2020-10-30,Romance with a Double Bass,1974,https://boxd.it/1iEO
2020-10-30,American Factory,2019,https://boxd.it/kJuY
2020-11-05,Beau Travail,1999,https://boxd.it/1NI8
2020-11-05,Age Out,2018,https://boxd.it/ewBq
2020-11-07,Another Woman,1988,https://boxd.it/1Aw4
2020-11-09,The Life of David Gale,2003,https://boxd.it/1Tq0
2020-11-09,The Commitments,1991,https://boxd.it/1TiA
2020-11-09,Shoot the Moon,1982,https://boxd.it/yaS
2020-11-10,Breakfast of Champions,1999,https://boxd.it/1RUs
2020-11-21,The Rain People,1969,https://boxd.it/iya
2020-12-23,A Flea in Her Ear,1968,https://boxd.it/4xpg
2020-12-29,Canvas,2020,https://boxd.it/sYQG
2021-01-07,Blind Chance,1987,https://boxd.it/2b4G
2021-01-07,Nomadland,2020,https://boxd.it/lnRy
2021-01-10,The Mystery of the Leaping Fish,1916,https://boxd.it/zYY
2021-01-17,A Woman Under the Influence,1974,https://boxd.it/1myg
2021-01-22,The Opposite of Sex,1998,https://boxd.it/1XFI
2021-01-25,News of the World,2020,https://boxd.it/lm7a
2021-01-30,Himizu,2011,https://boxd.it/3oFs
2021-02-01,The Adam Project,2022,https://boxd.it/q2Dg
2021-02-02,Five Came Back,2017,https://boxd.it/AMTO
2021-02-08,M. C. Escher: Journey to Infinity,2018,https://boxd.it/iyI2
2021-02-11,964 Pinocchio,1991,https://boxd.it/EhA
2021-02-11,Rubber's Lover,1996,https://boxd.it/J4G
2021-02-19,11.25 The Day He Chose His Own Fate,2012,https://boxd.it/3x5o
2021-02-19,"Go, Go Second Time Virgin",1969,https://boxd.it/2dkc
2021-02-19,United Red Army,2007,https://boxd.it/NX6
2021-03-02,Smooth Talk,1985,https://boxd.it/1eTg
2021-03-06,Falling,2020,https://boxd.it/khy4
2021-04-06,Dwelling in the Fuchun Mountains,2019,https://boxd.it/m00y
2021-04-06,The Nines,2007,https://boxd.it/1R3o
2021-04-11,Play the Film,2013,https://boxd.it/7SL4
2021-04-14,"Extremely Wicked, Shockingly Evil and Vile",2019,https://boxd.it/glCG
2021-04-19,Another Round,2020,https://boxd.it/lkba
2021-04-25,Asylum,1972,https://boxd.it/1uGM
2021-04-28,Human Traces,2017,https://boxd.it/gxd4
2021-05-07,Limbo,2020,https://boxd.it/khaw
2021-05-23,The Truth,2019,https://boxd.it/iKOQ
2021-05-23,The Wolf House,2018,https://boxd.it/i1vE
2021-05-24,Edvard Munch,1974,https://boxd.it/E3y
2021-05-24,Nirvana the Band the Show,2007,https://boxd.it/GITi
2021-06-06,Crashing,2016,https://boxd.it/ndN6
2021-06-06,A Quiet Place Part II,2020,https://boxd.it/iTx0
2021-06-07,Do Not Disturb,2016,https://boxd.it/ddW8
2021-06-08,Fighting with My Family,2019,https://boxd.it/fRyO
2021-06-21,Bed Bugs,2017,https://boxd.it/gC6M
2021-06-22,The Wife,1995,https://boxd.it/2WA0
2021-06-27,They Have Escaped,2014,https://boxd.it/8Nj2
2021-06-29,Last Night in Soho,2021,https://boxd.it/lbJC
2021-08-03,A German Life,2016,https://boxd.it/evhY
2021-10-02,The Emperor's New Clothes,2015,https://boxd.it/aZfg
2021-10-09,Knock Down the House,2019,https://boxd.it/kIss
2021-10-15,Red Desert,1964,https://boxd.it/1ttW
2021-10-15,"Léon Morin, Priest",1961,https://boxd.it/5O0
2021-10-15,Rat Film,2016,https://boxd.it/epeY
2021-10-17,The Velvet Underground,2021,https://boxd.it/jPXA
2021-10-22,I Am Cuba,1964,https://boxd.it/1hUQ
2021-11-06,"As I Was Moving Ahead, Occasionally I Saw Brief Glimpses of Beauty",2000,https://boxd.it/4gcu
2021-11-06,The Enclosed Valley,1995,https://boxd.it/5ytg
2021-11-14,Ammonite,2020,https://boxd.it/kQpQ
2021-11-19,The Very Same Munchhausen,1979,https://boxd.it/1qCG
2021-12-07,Great Pretender,2020,https://boxd.it/sgs6
2021-12-11,The Matrix Resurrections,2021,https://boxd.it/n87k
2021-12-11,Flee,2021,https://boxd.it/ponM
2021-12-11,Passing,2021,https://boxd.it/jKdM
2021-12-23,The Colour Room,2021,https://boxd.it/uocE
2021-12-23,The Tragedy of Macbeth,2021,https://boxd.it/lMi4
2021-12-25,Parallel Mothers,2021,https://boxd.it/sOP4
2021-12-28,The People I've Slept With,2010,https://boxd.it/fkE
2022-01-04,Death on the Nile,2022,https://boxd.it/ifpg
2022-01-05,Three Minutes: A Lengthening,2021,https://boxd.it/wkUw
2022-01-30,Belfast,2021,https://boxd.it/tefG
2022-02-12,Who Am I This Time?,1982,https://boxd.it/4m18
2022-02-12,Raúl Juliá: The World’s a Stage,2019,https://boxd.it/n44m
2022-02-12,Faya Dayi,2021,https://boxd.it/tbk4
2022-02-12,West Side Story,2021,https://boxd.it/iwt0
2022-03-02,Survive,2020,https://boxd.it/pHf8
2022-03-12,X,2022,https://boxd.it/sxVa
2022-03-12,Belle,2021,https://boxd.it/tbEe
2022-03-17,Josep,2020,https://boxd.it/poN6
2022-03-17,Céline and Julie Go Boating,1974,https://boxd.it/1sGA
2022-04-04,Moon Knight,2022,https://boxd.it/zeDq
2022-04-06,The Assistant,2019,https://boxd.it/neWo
2022-04-12,Killing Zoe,1993,https://boxd.it/2af4
2022-04-15,"Paris, 13th District",2021,https://boxd.it/s0Ky
2022-04-25,Enchanted April,1991,https://boxd.it/1tDM
2022-05-02,Telstar: The Joe Meek Story,2008,https://boxd.it/1tag
2022-05-25,The Kids in the Hall: Comedy Punks,2022,https://boxd.it/zdt0
2022-05-31,The Breakfast Club,1985,https://boxd.it/27q4
2022-07-17,The Forgotten,2004,https://boxd.it/1WYE
2022-08-17,Nope,2022,https://boxd.it/sDCe
2022-08-17,Le Temps Perdu,2020,https://boxd.it/sG9k
2022-08-18,24 Hour Psycho,1993,https://boxd.it/9LeQ
2022-08-26,The Last Movie Stars,2022,https://boxd.it/Azw8
2022-10-12,Suzume,2022,https://boxd.it/yv7Y
2022-10-13,Blonde,2022,https://boxd.it/9AG0
2022-10-15,The Woman King,2022,https://boxd.it/r9a8
2022-10-19,Closet Land,1991,https://boxd.it/jTy
2022-10-20,Plan A,2021,https://boxd.it/qM9c
2022-10-29,The Mayfair Set,1999,https://boxd.it/MFFu
2022-12-10,Aimée & Jaguar,1999,https://boxd.it/27by
2022-12-19,The Beaches of Agnès,2008,https://boxd.it/14Y6
2022-12-29,Corsage,2022,https://boxd.it/xxTS
2023-02-20,Cousin Jules,1973,https://boxd.it/4pTM
2023-03-11,The Return of Martin Guerre,1982,https://boxd.it/24gg
2023-03-20,Triangle of Sadness,2022,https://boxd.it/hXlq
2023-03-21,The Wall,2012,https://boxd.it/3QwS
2023-03-25,Measures of Men,2023,https://boxd.it/CggY
2023-04-14,"Blind Willow, Sleeping Woman",2022,https://boxd.it/phTc
2023-04-24,The Beatles: Get Back,2021,https://boxd.it/xo7A
2023-04-28,The Odyssey,2016,https://boxd.it/dNrA
2023-05-08,Flesh and Bone,2015,https://boxd.it/ex2c
2023-05-30,Riceboy Sleeps,2022,https://boxd.it/C68A
2023-06-02,The Andromeda Strain,1971,https://boxd.it/1W4Q
2023-06-02,Phase IV,1974,https://boxd.it/iDY
2023-06-23,Scenes from a Marriage,2021,https://boxd.it/wzSU
2023-07-16,Theater Camp,2023,https://boxd.it/Bfbm
2023-07-19,The Persian Version,2023,https://boxd.it/E30C
2023-07-29,Up to Speed,2012,https://boxd.it/wFUW
2023-09-12,The Interview,1998,https://boxd.it/1Ers
2023-11-13,The Taste of Things,2023,https://boxd.it/Arke
2023-12-15,Trees and Other Entanglements,2023,https://boxd.it/JZnE
2023-12-15,Between Revolutions,2023,https://boxd.it/EETE
2023-12-15,Command Z,2023,https://boxd.it/HKFa
2023-12-29,The Zone of Interest,2023,https://boxd.it/gJsA
2024-01-03,Saltburn,2023,https://boxd.it/z4eg
2024-01-19,Dark Waters,2019,https://boxd.it/kaYu
2024-02-20,All of Us Strangers,2023,https://boxd.it/Bz3C
2024-02-23,To Be and to Have,2002,https://boxd.it/23gY
2024-05-13,Passion,2008,https://boxd.it/bI9M
2024-05-13,Robot Dreams,2023,https://boxd.it/vBZm
2024-05-28,Harry & Snowman,2015,https://boxd.it/bjBw
2024-06-24,I Saw the TV Glow,2024,https://boxd.it/woVe
2024-06-26,Dark,2017,https://boxd.it/JZ98
2024-07-20,The Old Oak,2023,https://boxd.it/AEng
2024-07-22,Sorcerer,1977,https://boxd.it/14J6
2024-07-22,Heretic,2024,https://boxd.it/H1lY
2024-07-25,Swept Away,1974,https://boxd.it/17cY
2024-07-27,Faye,2024,https://boxd.it/MQfM
2024-07-28,It's Not Me,2024,https://boxd.it/GZec
2024-07-28,Annette,2021,https://boxd.it/f0RS
2024-07-28,Lady Macbeth,2016,https://boxd.it/erJk
2024-07-31,Ghostlight,2024,https://boxd.it/K5c8
2024-07-31,A Cup of Coffee and New Shoes On,2022,https://boxd.it/CFwM
2024-08-05,The Room Next Door,2024,https://boxd.it/Fb4k
2024-08-20,Dead Ringers,2023,https://boxd.it/G9uM
2024-09-09,The Ladies Man,1961,https://boxd.it/1pPE
2024-09-09,The Awful Truth,1937,https://boxd.it/1NBc
2024-10-08,John and the Hole,2021,https://boxd.it/psLe
2024-10-10,A Complete Unknown,2024,https://boxd.it/oBYa
2024-10-29,Going Places,1974,https://boxd.it/24PU
2024-10-29,Get Out Your Handkerchiefs,1978,https://boxd.it/24A6
2024-10-29,Buffet Froid,1979,https://boxd.it/15YG
2024-10-29,Beau Pere,1981,https://boxd.it/X8W
2024-11-07,Pixote,1980,https://boxd.it/XCs
2024-11-10,Priscilla,2023,https://boxd.it/Cz3k
2024-11-13,Duffer,1972,https://boxd.it/j12
2024-11-14,We Bury the Dead,2024,https://boxd.it/JtI6
2024-11-16,Fuck,2005,https://boxd.it/1Bvm
2024-11-16,Norway,2014,https://boxd.it/8QwI
2024-12-14,Jimpa,2025,https://boxd.it/N566
2025-01-08,Ryuichi Sakamoto | Opus,2023,https://boxd.it/HJBm
2025-01-26,Three Identical Strangers,2018,https://boxd.it/hDNO
2025-02-10,Red Rocket,2021,https://boxd.it/sGpi
2025-02-21,It Happened One Night,1934,https://boxd.it/25Ng
2025-02-21,Rafiki,2018,https://boxd.it/iMFc
2025-02-21,Desert Hearts,1985,https://boxd.it/2aFc
2025-03-16,Mickey 17,2025,https://boxd.it/q1Dk
2025-03-17,The Chronology of Water,2025,https://boxd.it/j3pq
2025-03-28,Adolescence,2025,https://boxd.it/TFGw
2025-03-28,Seven Veils,2023,https://boxd.it/EZHO
2025-03-30,Lee,2023,https://boxd.it/vpTG
2025-03-31,The Alto Knights,2025,https://boxd.it/CjB6
2025-04-13,Bloodworth,2010,https://boxd.it/2gqs
2025-04-13,Love Hotel,1985,https://boxd.it/3Rcu
2025-04-19,The Way of the Wind,,https://boxd.it/mqE0
2025-04-21,Fiume o morte!,2025,https://boxd.it/RZBC
2025-04-22,The President's Wife,2023,https://boxd.it/Aibs
2025-04-25,Blue Sun Palace,2024,https://boxd.it/MAAO
2025-04-28,Persons Unknown,1996,https://boxd.it/zxS
2025-05-01,Sinners,2025,https://boxd.it/KQMM
2025-05-04,Eddington,2025,https://boxd.it/o6MC
2025-05-04,Hunting Scenes from Bavaria,1969,https://boxd.it/3V4u
2025-05-04,Bleat,2022,https://boxd.it/s3fe
2025-05-04,Yunan,2025,https://boxd.it/J8dG
2025-05-14,Bucking Fastard,2026,https://boxd.it/ST8Q
2025-05-20,Urchin,2025,https://boxd.it/MY30
2025-05-21,Homemade: Crickets,2020,https://boxd.it/r0Ba
2025-05-26,The Mysterious Gaze of the Flamingo,2025,https://boxd.it/xR4q
2025-05-26,Sound of Falling,2025,https://boxd.it/Km9K
2025-05-26,The Secret Agent,2025,https://boxd.it/KkUE
2025-05-26,Bacurau,2019,https://boxd.it/fSUG
2025-05-26,Pictures of Ghosts,2023,https://boxd.it/G55S
2025-05-26,Resurrection,2025,https://boxd.it/x9DG
2025-05-30,Love & Death,2023,https://boxd.it/Gdw8
2025-06-26,Couture,2025,https://boxd.it/Rvc8
2025-06-28,Mrs. Fletcher,2019,https://boxd.it/ooNe
2025-06-28,Extrapolations,2023,https://boxd.it/G6hA
2025-06-29,Conspiracy,2001,https://boxd.it/1R5u
2025-07-08,Ballerina,2025,https://boxd.it/jKqG
2025-07-15,A Haunting in Venice,2023,https://boxd.it/zGdg
2025-08-11,Hamlet,2024,https://boxd.it/JL5Q
2025-08-11,Cria!,1976,https://boxd.it/AoC
2025-08-23,Wolfs,2024,https://boxd.it/x6zG
2025-08-29,The Toxic Avenger,2023,https://boxd.it/bgbq
2025-08-29,Over the Garden Wall,2014,https://boxd.it/eqFw
2025-08-31,Animal Farm,2025,https://boxd.it/jG5u
2025-09-02,No Other Choice,2025,https://boxd.it/nKiA
2025-09-09,The Day of the Jackal,2024,https://boxd.it/Rr4a
2025-09-12,November,2017,https://boxd.it/fxu8
2025-09-12,The Invisible Fight,2023,https://boxd.it/DLDG
2025-09-13,Trigonometry,2020,https://boxd.it/pXBY
2025-09-16,Love Affair(s),2020,https://boxd.it/oCJK
2025-09-16,Non-Fiction,2018,https://boxd.it/gUKg
2025-11-08,Tell It to the Bees,2018,https://boxd.it/h50e
2025-11-16,BEEF,2023,https://boxd.it/FPsm
2025-11-30,The Other Munch,2018,https://boxd.it/jcMo
2025-12-03,Hamnet,2025,https://boxd.it/woVy
2025-12-15,"Sorry, Baby",2025,https://boxd.it/JKNi
2025-12-15,Is This Thing On?,2025,https://boxd.it/H73Q
2025-12-15,Father Mother Sister Brother,2025,https://boxd.it/HRoU
2026-01-06,Dying for Sex,2025,https://boxd.it/U7GO
2026-01-06,Making Badlands,2013,https://boxd.it/orrK
2026-01-23,Princesses,2005,https://boxd.it/2932
2026-01-23,The Believer,2001,https://boxd.it/24Qy
2026-01-25,Utopia,1983,https://boxd.it/7qEE
2026-01-31,The House,2022,https://boxd.it/yVza
2026-02-03,The Love That Remains,2025,https://boxd.it/LWuG
2026-02-09,Waves,2024,https://boxd.it/LEWi
2026-03-01,Sway,2024,https://boxd.it/ICoC
2026-04-19,Le Trou,1960,https://boxd.it/1nSw
2026-04-19,Miss Violence,2013,https://boxd.it/6iEa
2026-04-27,Digger,2026,https://boxd.it/LwDC
2026-05-02,Lost River,2014,https://boxd.it/5cjy
2026-05-02,Zi,2026,https://boxd.it/Zscq
2026-05-26,Fjord,2026,https://boxd.it/RVja
2026-05-26,All of a Sudden,2026,https://boxd.it/UMOO
2026-05-26,Fatherland,2026,https://boxd.it/TbK4
2026-05-26,Rose,2026,https://boxd.it/ICFo
2026-05-26,La Bola Negra,2026,https://boxd.it/SDaQ
2026-07-19,Friends Effing Friends Effing Friends,2016,https://boxd.it/duww
2026-08-01,Wicker,2026,https://boxd.it/JlTq
2026-08-03,Everytime,2026,https://boxd.it/11Jts
2026-08-03,Gentle Monster,2026,https://boxd.it/UEAa
2026-08-03,Riff Raff,2024,https://boxd.it/GDAK
2026-08-06,Primetime,2026,https://boxd.it/QX5s
2026-08-22,Good Night,2012,https://boxd.it/auo2
2026-08-22,Fuck-a-Fan,2024,https://boxd.it/MU7s
2026-08-24,Just Another Day,2007,https://boxd.it/auoc
2026-09-06,Filipiñana,2026,https://boxd.it/WTr2
2026-09-07,Those Who Wish Me Dead,2021,https://boxd.it/lgeu
2026-09-13,I Know This Much Is True,2020,https://boxd.it/pVeo
