Date,Name,Year,Letterboxd URI,Rating,Rewatch,Tags,Watched Date
2013-08-14,Black Mirror - Be Right Back,2013,,,,,2013-08-12
2013-08-14,Black Mirror - White Bear,2013,,,,,2013-08-13
2013-08-14,Black Mirror - The Waldo Moment,2013,,,,,2013-08-13
2014-02-11,Prada: Candy,2013,,,,,2014-02-10
2014-10-20,42 One Dream Rush,2010,,,,,2014-10-19
2014-10-20,Gradiva,2014,,,,,2014-10-19
2015-10-20,9 Kisses,2014,,,,,2015-10-19
2016-01-24,We Fuck Alone,2006,,,,,2016-01-23
2016-06-24,The Deluxe,2016,,,,,2016-06-23
2016-07-30,Greed,2009,,,,youtube,2016-07-29
2016-07-30,A Therapy,2012,,,,youtube,2016-07-29
2016-07-30,Dior: L.A.dy Dior,2011,,,,youtube,2016-07-29
2016-10-23,Do You Like to Read?,2012,,,,youtube,2016-10-23
2016-10-23,American Express: My Life. My Card.,2006,,,,youtube,2016-10-23
2017-05-24,Elle Fanning's Fan Fantasy,2017,,,,vimeo,2017-05-21
2018-02-24,Come Together: A Fashion Picture in Motion,2016,,,,youtube,2018-02-23
2018-07-27,Australian Psycho,2016,,,,vimeo,2018-07-27
2019-01-02,Dinner for One à la Netflix,2016,,,,youtube,2019-01-01
2019-01-04,Sherlock: A Study in Pink,2010,,,,dvd,2019-01-02
2019-01-04,Sherlock: The Blind Banker,2010,,,,dvd,2019-01-02
2019-01-04,Sherlock: The Great Game,2010,,,,dvd,2019-01-03
2019-01-17,Sherlock: The Hounds of Baskerville,2012,,,,dvd,2019-01-03
2019-01-15,Sherlock: The Empty Hearse,2014,,,,dvd,2019-01-11
2019-11-28,Lady Blue Shanghai,2010,,,,youtube,2019-11-27
2019-11-28,PlayStation 2: The Third Place,2000,,,,youtube,2019-11-27
2020-06-20,Computer Boy,2000,,,,youtube,2020-06-20
2021-04-03,Ramsay's Boiling Point,,,,,youtube,2021-04-02
2021-06-27,SUMMER OF '21,2020,,,,youtube,2021-06-27
2021-06-29,Canon: Urban Deer,2014,,,,youtube,2021-06-29
2021-06-29,First Light,2020,,,,youtube,2021-06-29
2021-06-29,Come Together,2016,,,,youtube,2021-06-29
2021-06-29,Prada: Candy,2013,,,,youtube,2021-06-29
2021-11-17,Eyes of Hitchcock,2014,,,,youtube,2021-11-16
2021-11-17,Stanley Kubrick: One-Point Perspective,2012,,,,youtube,2021-11-16
2021-11-17,Wes Anderson: Centered,2014,,,,youtube,2021-11-16
2021-11-17,Tarantino: From Below,2012,,,,youtube,2021-11-16
2021-11-17,Sounds of Aronofsky,2012,,,,youtube,2021-11-16
2021-11-17,The World According to Koreeda Hirokazu,2013,,,,youtube,2021-11-16
2021-11-17,Malick: Fire & Water,2013,,,,youtube,2021-11-16
2021-11-17,Ozu: Passageways,2012,,,,youtube,2021-11-16
2021-11-17,Mirrors of Bergman,2015,,,,youtube,2021-11-16
2022-02-12,Weapon of Choice,2001,,,,youtube,2022-02-11
2022-05-25,Unexpected Wonders,2022,,,,youtube,2022-05-24
2022-07-25,Jonathan Creek: Black Canary,,,,,,2022-07-22
2022-07-27,The Grinning Man,2009,,,,,2022-07-25
2022-12-24,For the Hungry Boy,2018,,,,youtube,2022-12-23
2022-12-29,Woodswimmer,2017,,,,youtube,2022-12-28
2022-12-31,Lonely Water,1973,,,,youtube,2022-12-30
2023-12-24,Thin Watermelon,2010,,,,,2023-12-23
2023-12-24,Morning Walk,2008,,,,,2023-12-23
2024-12-01,The Big Fat Quiz of Telly,2024,,,,,2024-11-30
2024-12-02,"Wife, Witch, Poisoner, Whore",2020,,,,,2024-12-02
2024-12-22,The Key to Reserva,2007,,,,,2024-12-21
2025-01-12,ABE,2013,,,,youtube,2025-01-11
2025-05-30,Ewan McGregor and Mike Mills in San Francisco,2011,,,,youtube,2025-05-29
2026-01-09,James Bond: In Service of Nothing,2015,,,,youtube,2026-01-08
2026-01-15,The Shock Doctrine,2007,,,,youtube,2026-01-14
